attr_name,type,occurrences
additional_training,text,1
adresa,text,1
akcijaspasuvanje_lookacija,text,2
altitude_change,numeric,1
artistickoime,text,1
attribute,text,1
base_location,text,1
baza,text,22
baza_smestuvanje,text,4
bday,date,1
bezbednosni_proverki_id,integer,1
bezbednosni_proverki_id_1,integer,1
bijografija,text,1
bio,text,4
biografija,text,43
biografija_1,text,1
biograija,text,1
birth_date,date,1
br_aplikacija,integer,1
br_aplkacija,integer,1
br_citati,integer,16
br_lica,integer,1
br_licenca,text,6
br_med_licenca,text,1
br_med_licensa,integer,1
br_na_citati,integer,1
br_na_trudovi,integer,1
br_obuvki,integer,2
br_porti,integer,5
br_recenzii,integer,2
br_trudovi,integer,6
br_trudovi_za_recenziranje,integer,1
brand,text,3
brcitati,integer,1
brend,text,44
brlicenca,text,1
broj,integer,16
broj_citaci,integer,1
broj_citati,integer,3
broj_licenca,integer,7
broj_med_licenca,text,2
broj_na_aplikakacija,integer,1
broj_na_citati,integer,3
broj_na_licenca,text,1
broj_na_lift,integer,1
broj_na_porti,integer,1
broj_na_proti,integer,1
broj_porta,integer,1
broj_porti,integer,6
broj_trudovi,integer,6
brojaplikacija,integer,1
brojcitati,integer,2
brojid,integer,1
brojmed_licenca,text,1
brojporti,integer,1
brojtrudovi,integer,2
bronzen,integer,11
brporti,integer,1
brrecenziranja,integer,1
brtrudovi,integer,1
brzinska_id,integer,1
brzinska_trka_id,integer,4
brzinska_trka_tip,text,1
brzinska_trka_visinska_razlika,numeric,5
brziska_ralika,numeric,1
budget,numeric,3
budget_size,numeric,1
budjet,numeric,1
budzet,numeric,26
budzhet,numeric,2
c_ime,text,1
capacity,numeric,3
celo_ime,text,2
celosno_ime,text,26
celosno_ime_1,text,2
celosnoime,text,2
cena,numeric,18
checkpoints,integer,11
chizmi,integer,1
chlen_id,integer,2
cifra,integer,1
citati,integer,3
citation_format,text,1
cizmi,integer,5
cizmi_id,integer,1
clen_clen_id,integer,2
clen_id,integer,6
clen_id_broj,integer,2
clen_id_clen,integer,2
clen_idclen,integer,2
clen_med_clen_id,integer,1
clen_patrola_clen_id,integer,2
coaches,text,1
code,integer,5
company_ime,text,2
conference_name,text,4
conference_name_1,text,2
contact_information,text,1
cv,text,1
d,date,2
d_n_r,date,1
darivanje_ime,text,2
daruvanje_datum_p,date,2
daruvanje_id,integer,1
daruvanje_ime,text,9
daruvanje_ime_1,text,1
daruvanje_ime_2,text,1
daska,integer,4
daska_bord,integer,1
daska_id,integer,1
dat_izvlekuvanje,date,1
dat_kraj,date,4
dat_naznacen,date,1
dat_poc,date,2
dat_pocetok,date,1
dat_raganje,date,1
dat_start,date,1
dat_sudenje,date,1
data_do,date,1
data_i,date,1
data_izvl,date,1
data_na_rag,date,1
data_od,date,1
data_radjanje,date,1
data_rag,date,3
data_raganje,date,1
data_ragjanje,date,2
data_sudenje,date,1
datanaragjanje,date,2
dataragjanje,date,1
date,date,8
date_1,date,1
date_begin,date,1
date_end,date,2
date_of_birth,date,4
date_of_manufacturing,date,1
date_start,date,1
datm,date,1
datu_ragjanje,date,1
datum,date,152
datum_1,date,3
datum_bday,date,1
datum_do,date,26
datum_end,date,1
datum_i,date,1
datum_i_vreme_na_registracija,date,1
datum_i_vreme_nbsp_na_reg,date,1
datum_ivlekuvanje,date,1
datum_iz,date,1
datum_izl,date,3
datum_izl_1,date,2
datum_izv,date,2
datum_izvl,date,3
datum_izvlek,date,1
datum_izvlekuvanje,date,12
datum_k,date,5
datum_koga,date,1
datum_kraj,date,48
datum_kraj_1,date,2
datum_na_izvl,date,1
datum_na_izvlekuvanje,date,4
datum_na_kraj,date,1
datum_na_odrzuvanje,date,2
datum_na_oznaka,date,1
datum_na_pocetok,date,1
datum_na_postaven_natprevar,date,1
datum_na_r,date,3
datum_na_ragane,date,1
datum_na_raganje,date,11
datum_na_ragj,date,1
datum_na_ragjane,date,1
datum_na_ragjange,date,1
datum_na_ragjanje,date,26
datum_na_rajganje,date,3
datum_na_reg,date,1
datum_na_registracija,date,2
datum_na_registriranje,date,1
datum_na_sudenje,date,2
datum_naglasen,date,1
datum_naragjanje,date,1
datum_naznacen,date,5
datum_naznacuvanje,date,4
datum_nbsp,date,1
datum_nbsp_na_ragjanje,date,1
datum_od,date,26
datum_odr,text,2
datum_odrz,date,2
datum_odrzhuvanje,text,1
datum_odrzuvanje,date,11
datum_p,date,5
datum_poc,date,3
datum_pocetok,date,36
datum_pochetok,date,2
datum_poetok,date,2
datum_poetok_1,date,1
datum_r,date,15
datum_r_1,date,1
datum_rag,date,20
datum_ragaje,date,1
datum_raganje,date,20
datum_ragj,date,3
datum_ragjanje,date,40
datum_ragnjanje,date,1
datum_reg,date,4
datum_regis,date,1
datum_registr,date,1
datum_registracija,date,4
datum_registriranje,date,5
datum_rod,date,1
datum_rodenden,date,1
datum_smena,date,1
datum_start,date,3
datum_start_1,date,1
datum_sudenje,date,2
datum_trening,date,1
datum_vreme_registracija,date,1
datum_za_naznachuvanje,date,1
datum_za_sudija,date,1
datumdo,date,3
datumizlvekuvanje,date,1
datumizvlekuvanje,date,1
datumkraj,date,9
datumna_izvlekuavanje,date,1
datumod,date,3
datumodr,text,1
datumpoc,date,2
datumpocetok,date,7
datumr,date,2
datumraganje,date,4
datumragjanje,date,5
datumreg,date,3
datumsmena,date,1
datumsudenje,date,1
datup_k,date,3
datup_k_1,date,2
datup_p,date,3
datup_p_1,date,2
daum_na_izvelkuvanje,date,1
dautm_pocetok,date,1
debelin,numeric,1
debelina,numeric,4
debelina_na_sneg,numeric,3
debelina_sneg,numeric,9
del_odgrupa,text,3
del_odgrupa_1,text,1
deposit,numeric,2
depozit,numeric,27
description,text,2
description_1,text,1
difficulty_level,text,3
discid,integer,1
disciplina,text,10
disciplina_disciplina_id,integer,4
disciplina_dispiclina_id,integer,3
disciplina_id,integer,7
disciplina_ime,text,68
disciplina_ime_d,text,2
disciplina_ime_disc,text,2
disciplina_ime_disciplina,text,2
disciplina_kvalifikuvan,text,1
disciplinas,text,1
discipline_id,integer,4
disciplini,text,1
disciplini_ime,text,3
dispiclina_id,integer,1
do,text,5
dob,date,1
dodelena_karta,integer,1
dolz_km,numeric,1
dolzhina,numeric,13
dolzhina_km,numeric,1
dolzina,numeric,63
dolzina_km,numeric,3
dolzina_pateka,numeric,1
dolzina_vo_km,numeric,1
dolzinakm,numeric,1
dolzna,numeric,1
dozlina,numeric,2
dpozit,numeric,1
drzava,text,65
drzava_1,text,5
drzava_2,text,1
drzava_3,text,1
drzava_na_poteklo,text,2
drzava_nbsp,text,1
drzava_poteklo,text,5
drzava_poteknuvanje,text,1
drzavapoteklo,text,1
drzhava,text,15
drzhava_na_poteklo,text,1
drzhava_napoteklo,text,1
drzhva,text,2
duration,numeric,1
e_adress,text,1
e_mail,text,7
e_poshta,text,3
e_posta,text,23
e_пошта,text,1
edinstven_br,integer,2
edinstven_broj,integer,6
edinstven_broj_na_aplikacija,integer,1
edinstvenbroj,integer,1
edisntven_broj,integer,1
eid,integer,1
email,text,21
embg,text,11
employee_full_name,text,2
end,text,1
end_date,date,4
enidstven_broj,integer,1
eposta,text,4
evidencija,integer,1
experience_yrs,integer,1
f_name,text,3
festival_attribute,text,2
festival_id,integer,2
festival_id_1,integer,1
festival_ime,text,43
festival_ime_1,text,18
festival_name,text,1
festival_name_1,text,1
festival_opis,text,2
festival_opis_1,text,1
festival_sifra,integer,1
field_name,text,3
field_name_1,text,1
finish_time,text,1
first_name,text,3
fis_fis_id,integer,2
fis_id,integer,4
fis_trka_i_broj,integer,2
fis_trka_id,integer,9
fis_trka_tip,text,1
fond,numeric,4
format,text,19
format_citiranje,text,5
format_na_citiranje,text,1
formatcitiranje,text,2
formatcrtanje,text,1
fotmat,text,1
from,text,1
full_name,text,9
full_name_1,text,1
fullname,text,1
gate,text,1
generalna_lista_poeni,numeric,1
generirano_id,integer,1
giveaway_entry_id,integer,2
giveaway_givwaway_id,integer,1
giveaway_ime,text,22
giveaway_ime_1,text,1
giveaway_imeg,text,1
giveaway_име,text,2
givwaway_id,integer,1
glaven,text,2
glaven_pokrovitel,text,1
god,integer,1
god_iskustvo,integer,1
god_na_osnovanje,integer,3
god_na_proiz,integer,1
god_na_proizvodstvo,integer,1
god_osnovanje,integer,7
god_p,integer,1
god_pr,integer,1
god_proiz,integer,4
god_proizvod,integer,1
god_proizvodstvo,integer,15
god_proizvotstvo,integer,1
god_sozdavanje,integer,1
godiina_na_osnovanje,integer,1
godina,integer,20
godina_na_nbsp_proizvodstvo,integer,1
godina_na_osnovanje,integer,10
godina_na_proivodstvo,integer,1
godina_na_proizvidstvo,integer,1
godina_na_proizvodstvo,integer,3
godina_na_proizvotstvo,integer,1
godina_naosnovanje,integer,1
godina_naproizvodstvo,integer,1
godina_osn,integer,2
godina_osnovana,integer,1
godina_osnovanje,integer,12
godina_p,integer,3
godina_pro,integer,1
godina_proivodtsvo,integer,1
godina_proiz,integer,4
godina_proizv,integer,2
godina_proizveden,integer,1
godina_proizvoden,integer,1
godina_proizvodstvo,integer,14
godina_proizvotstvo,integer,1
godinanaosnovanje,integer,2
godinaosnovanje,integer,2
godinaproiz,integer,1
godinaproizv,integer,1
godinaproizvodstvo,integer,1
godinaproizvotsvo,integer,1
godiniiskustvo,integer,2
godisenmaraton_maraton_id,integer,2
godproizvotstvo,integer,1
goelmina,integer,1
goidna_na_prozivodstvo,integer,1
gol_budzet,numeric,1
gol_obuvki,integer,1
goleina_na_buzet,numeric,1
golemina,integer,48
golemina_br,integer,3
golemina_budzet,numeric,9
golemina_cizmi,integer,2
golemina_na_budget,numeric,1
golemina_na_budzet,numeric,1
golemina_na_cizmi,integer,1
golemina_na_nbsp_obuvki,integer,1
golemina_na_obuvki,integer,9
golemina_o,integer,3
golemina_obukvi,integer,1
golemina_obuvki,integer,16
goleminabudzet,numeric,1
goleminaobuvki,integer,3
goleminobuvki,integer,1
golmeina,integer,1
gondola_id,integer,1
gondola_id_1,integer,1
grad,text,49
grad_1,text,3
grad_poteknuvanje,text,1
grupa_godiina_na_osnovanje,integer,1
grupa_id,integer,3
grupa_id_1,integer,2
grupa_ime,text,6
grupa_ime_1,text,5
grupa_ime_2,text,1
grupa_ime_3,text,1
grupa_ime_nbsp,text,1
grupa_ime_nbsp_1,text,1
grupa_ime_tim,text,1
grupa_ime_tim_1,text,1
grupa_sifra,integer,2
grupa_sifra_1,integer,2
grupa_sifra_2,integer,1
grupa_sifra_3,integer,1
grupa_tip,text,1
grupa_tip_1,text,1
grupi_id,integer,1
grupi_ime,text,2
grupi_ime_1,text,1
gw_datum_izvl,date,1
gw_datum_k,date,1
gw_datum_p,date,1
held_conference_end_date,date,1
held_conference_name,text,1
held_conference_start_date,date,1
held_ski_competition_name,text,3
i_broj,integer,1
i_name,text,1
i_prezime,text,1
id,integer,250
id_1,integer,2
id_2,integer,2
id_3,integer,2
id_4,integer,1
id_5,integer,1
id_bidejki_nema_primaren_kluc,integer,1
id_broj,integer,10
id_clen,integer,1
id_daruvanje,integer,1
id_gondoli,integer,1
id_ime,integer,1
id_individua,integer,1
id_individualec,integer,1
id_izvekuvanje,integer,1
id_karta,integer,1
id_konferencija,integer,2
id_kopanija,integer,1
id_licenca,text,1
id_lift,integer,1
id_maraton,integer,1
id_naucnik,integer,1
id_number,integer,1
id_oblast,integer,1
id_oprema,integer,1
id_pobednik,integer,1
id_proverka,integer,1
id_recenzent,integer,1
id_recezent,integer,1
id_ruta,integer,1
id_s,integer,1
id_skiac,integer,1
id_skijac,integer,6
id_skijacka_patrola,integer,1
id_sky_lift,integer,1
id_sponzor,integer,1
id_tim,integer,2
id_ucesnik,integer,2
id_univerzitet,integer,1
id_zicarnici,integer,1
id_zona,integer,1
id_бр,integer,1
id_одржување,integer,1
id_скијач,integer,1
id_спонзор,integer,1
id_судија,integer,1
id_учесник,integer,1
idclen,integer,1
identifikacionen_broj,integer,1
identifikaciski_br,integer,2
identifikaciski_broj,integer,5
idime,integer,1
idinspekcija,integer,1
idlift,integer,1
idpateka,integer,1
idproverka,integer,1
idskijac,integer,1
iduniverzitet,integer,1
idvraboten,integer,1
idzona,integer,1
igodproizvodstvo,integer,1
iident_br,integer,1
ima,text,1
ima_1,text,1
ime,text,963
ime_1,text,11
ime_2,text,6
ime_3,text,5
ime_4,text,3
ime_5,text,2
ime_6,text,2
ime_d,text,1
ime_disc,text,1
ime_disciplina,text,1
ime_disiplina,text,1
ime_i_prezime,text,4
ime_individualci,integer,1
ime_izveduvac,text,1
ime_k,text,1
ime_karta,text,3
ime_konferencija,text,1
ime_maraton,text,1
ime_n,text,1
ime_na_karta,text,2
ime_na_tim,text,4
ime_na_timot,text,2
ime_nbsp,text,2
ime_nbsp_nbsp,text,2
ime_oblast,text,1
ime_p,text,1
ime_pobednik,text,1
ime_pokrovitel,text,3
ime_prezime,text,5
ime_ruta,text,1
ime_scena,text,2
ime_sk,text,1
ime_skijac,text,3
ime_solist,text,2
ime_spnzor,text,1
ime_sponzor,text,7
ime_sud,text,1
ime_sudija,text,1
ime_tim,text,16
imeclen,text,1
imed,text,1
imeg,text,1
imekonferencija,text,1
imenakarta,text,1
imenaucnik,text,1
imeoblast,text,1
imeprezime,text,1
imerecezent,text,1
imes,text,3
imeskijac,text,1
imesponzor,text,1
imetim,text,3
imeto_na_kartata,text,1
individualci,integer,1
individualec_id,integer,2
individualec_id_1,integer,2
individualec_ime,text,3
individualec_prezime,text,2
individualen_ime,text,1
individuali,integer,1
ine,text,1
inf_baza,text,2
inf_baza_1,text,1
info_baza,text,1
inznos,numeric,1
iskus,text,1
iskustvo,text,54
iskustvo_1,text,1
iskustvo_god,integer,1
iskustvo_godini,integer,2
iskustvo_vo_godini,integer,1
iskustvogod,integer,1
istrcano_vreme,text,1
izdanie_datum_pocetok,date,2
izdanie_festival_ime,text,3
izdanie_festival_poceten_datum,date,1
izdanie_id,integer,2
izdanie_ime,text,28
izdanie_kraen_datum,date,8
izdanie_na_festival_ime,text,5
izdanie_opis,text,2
izdanie_poceten_datum,date,6
izdanie_pocetendatum,date,2
izdanie_pocheten_datum,date,2
izdanie_sifra,integer,3
izdanije_pocetok,date,1
iznajmica_id,integer,1
iznajmica_shifra,integer,1
iznajmuvanje_shifra,integer,1
iznos,numeric,61
iznos_1,numeric,3
iznos_na_poddrshkata,numeric,1
iznos_na_poddrska,numeric,2
iznos_na_podrshka,numeric,1
iznos_poddrska,numeric,4
iznos_podrska,numeric,1
iznos_sponzor,numeric,1
iznos_sponzorstva,numeric,1
iznos_sponzorstvo,numeric,2
iznossponzorstvo,numeric,1
iznoz,numeric,1
izvduvac_ime,text,1
izveduvac_artistickoime,text,3
izveduvac_artistickoime_1,text,1
izveduvac_biografija,text,6
izveduvac_biografija_1,text,2
izveduvac_embg,text,3
izveduvac_embg_1,text,1
izveduvac_id,integer,6
izveduvac_id_1,integer,1
izveduvac_ime,text,61
izveduvac_ime_1,text,16
izveduvac_ime_2,text,1
izveduvac_ime_3,text,1
izveduvach_ime,text,12
izveduvach_ime_1,text,2
izveduvach_umetnichko_ime,text,3
izveduvach_umetnichko_ime_1,text,1
izveduvachi_ime,text,2
izveduvachi_ime_1,text,2
izveduvaci_ime,text,3
izveduvanje,text,1
izveshtaj,text,2
izvestai,text,7
izvestaj,text,7
izvestaji,text,4
izvestaji_1,text,2
izvlecen_skiac,text,1
izvlecen_skijac,text,12
izvlecen_skijac_1,text,1
izvlecenskijac,text,1
izvlechen_skijach,text,3
jazici,text,1
k_datum,date,1
kaj,text,1
kapacitet,numeric,77
kapacitet_1,numeric,1
kapaicitet,numeric,1
karta_id,integer,1
karta_ime,text,1
karta_shifra,integer,3
karta_sifra,integer,3
karta_skijanje,text,1
karta_skijanje_sifra,integer,1
karta_za_skijanje,integer,2
karta_za_skijanje_sifra,integer,1
karta_za_skijanje_шифрата,integer,1
karti_za_skijanje_shifra,integer,1
karti_za_skijanje_skipass_sifra,integer,1
kilometri,numeric,1
km,numeric,4
kod,integer,42
kod_1,integer,3
kod_procedura,integer,5
kod_vozilo,integer,1
kodproceduri,integer,1
kodvozilo,integer,1
koferencija_id_konferencija,integer,3
koferencija_id_konferencija_1,integer,1
kompanija_ime,text,73
kompanija_ime_1,text,6
kompanija_koppanija_id,integer,2
kompanija_u_ime,text,3
kompanija_uime,text,2
kompanija_za_skijacka_oprema_ime,text,2
kompanja_ime,text,2
konf_kraj,date,1
konf_pocetok,date,1
konferencija_id,integer,12
konferencija_id_1,integer,3
konferencija_id_konferencija,integer,1
konferencija_ime,text,45
konferencija_ime_1,text,10
konferencija_imekonferencija,text,3
konferencija_imekonferencija_1,text,1
konferencijaodrzana_id,integer,2
konferncii_ime,text,1
konferncii_ime_1,text,1
konfernecija_ime,text,3
kontakt,text,48
koppanija_id,integer,1
kr_opis,text,1
kraen,date,6
kraen_1,date,2
kraen_d,date,3
kraen_dat,date,2
kraen_datum,date,72
kraen_datum_1,date,2
kraen_nbsp_datum,date,2
kraend,date,1
kraendatum,date,8
kraendatum_1,date,3
kraj,date,28
kraj_1,date,1
kraj_data,date,1
kraj_datum,date,2
krajen_datum,date,1
krajnovreme,text,1
kratok_opis,text,9
kratokopis,text,1
kreaj,text,1
kupola,text,1
kрај,date,1
l_name,text,3
last_name,text,3
length,numeric,3
level,text,1
licenca,text,4
licencaid,text,1
license_num,text,1
lista_na_treneri,text,4
lista_treneri,text,4
location,text,7
lokaci,text,1
lokacii,text,69
lokacija,text,132
lokacija_1,text,3
lookacija,text,1
m_name,text,1
machine_id,integer,1
mail,text,2
maratom_ime,text,1
maratom_ime_1,text,1
maraton_godisno_ime,text,4
maraton_id,integer,3
maraton_id_1,integer,1
maraton_ime,text,62
maraton_ime_1,text,23
maraton_m_name,text,1
maraton_maraton_id,integer,2
maraton_maraton_id_1,integer,1
maraton_odrzuvanje_ime,text,1
mashina_shifra,integer,4
mashini_shifra,integer,2
masina_cifra,integer,1
masina_shifra,integer,3
masina_sifra,integer,5
mbr,text,6
med_edinica_id,integer,1
med_edinica_med_id,integer,1
med_id,integer,2
med_licenca,text,1
med_licenca_br,text,2
med_licenca_br_1,text,1
medicinsdka_edinica_id,integer,1
medicinska_edinica_br_licenca,text,1
medicinska_edinica_br_med_licenca,text,3
medicinska_edinica_broj_licenca,integer,5
medicinska_edinica_broj_med_licenca,text,2
medicinska_edinica_id,integer,5
medicinska_edinica_id_1,integer,3
medicinska_edinica_id_2,integer,3
medicinska_edinica_id_3,integer,3
medicinska_edinica_id_4,integer,2
medicinska_edinica_id_5,integer,2
medicinska_edinica_id_6,integer,2
medicinska_edinica_id_7,integer,1
medicinska_edinica_id_clen,integer,1
medicinska_edinica_id_licenca,text,3
medicinska_edinica_ime,text,3
medicinska_edinica_ime_1,text,2
medicinska_edinica_kod,integer,3
medicinska_edinica_kod_1,integer,3
medicinska_edinica_kod_2,integer,3
medicinska_edinica_kod_3,integer,2
medicinska_edinica_kod_4,integer,1
medicinska_licencaid,text,1
medicinska_procedura_kod_procedura,integer,1
medicinskaedinica_brojmed_licenca,text,3
medicinskaedinica_id_broj,integer,1
medicinskaedinica_medlicenca,text,1
medicinskedinica_brlicenca,text,1
medicinskedinica_idclen,integer,1
medicinski_proceduri_kod,integer,1
mediciska_edinica_brojid,integer,1
mediciska_edinica_id,integer,1
medlicenca,text,1
member_id,integer,1
memberid,integer,1
model,text,26
model_mashina,text,1
modelot,text,1
mom_debelina,numeric,1
momentalna_debelina,numeric,1
momentalndebelina,numeric,1
mora,text,1
mora_1,text,1
nacinonalnost,text,1
nacionalen_tim,text,2
nacionalen_tim_id_tim,integer,2
nacionalen_tim_shifra,integer,6
nacionalen_tim_sifra,integer,2
nacionalentim_shifra,integer,2
nacionalni_timovi_shifra,integer,1
nacionalni_timovi_sifra,integer,3
nacionalnost,text,20
nacionalnsot,text,1
nadgraden_fond,numeric,1
nag_fond,numeric,1
nagrada,numeric,1
nagraden_fond,numeric,21
nagraden_font,numeric,4
nagradenfond,numeric,3
name,text,14
name_1,text,1
name_of_giveaway,text,1
name_of_the_pass,text,1
naptrevar_ime,text,2
naslov,text,18
naslov_1,text,1
naslov_trud,text,4
naslovtrud,text,2
natid,integer,1
national_team_nt_id,integer,2
nationality,text,1
natprevar_id,integer,12
natprevar_id_1,integer,2
natprevar_ime,text,31
natprevar_ime_1,text,12
natprevar_ime_n,text,2
natprevar_ime_n_1,text,1
natprevar_lokacija,text,2
natprevar_natprevar_id,integer,3
natprevar_natprevar_id_1,integer,1
nauchnik_embg,text,2
nauchnik_ime,text,4
nauchnik_nauchno_zvanje,text,2
nauchnik_prezime,text,2
nauchnik_zvanje,text,2
nauchno_zvanje,text,4
naucnik_embg,text,2
naucnik_id,integer,7
naucnik_id_naucnik,integer,3
naucnik_ime,text,6
naucnik_imenaucnik,text,2
naucnik_mbr,text,2
naucnik_naucno_zvanje,text,9
naucnik_naucno_zvanje_1,text,1
naucnik_prezime,text,2
naucnik_prezimenaucnik,text,2
naucnik_shifra,integer,2
naucno_znaenje,text,3
naucno_zvanje,text,15
naucnozvanje,text,4
naznachen_datum,date,1
nbsp_pocheten_datum,date,1
nbsp_ski_lift_id,integer,4
nbsp_ski_lift_id_1,integer,1
nbsp_денови_на_валидност,integer,1
nbsp_маратон_име,text,1
nbsp_ниво_на_сертификација,text,1
nivo,text,14
nivo_1,text,3
nivo_2,text,2
nivo_na_podgotvenost,text,2
nivo_na_rizik,text,4
nivo_narizik,text,1
nivo_p,text,1
nivo_podgotvenost,text,13
nivo_rizik,text,13
nivopodgotvenost,text,2
nivorizik,text,1
no__of_citations,integer,1
nt_id,integer,1
oblast,text,9
oblast_id,integer,5
oblast_id_oblast,integer,3
oblast_ime,text,40
oblast_ime_1,text,1
oblast_imeoblast,text,3
oblast_oblast_id,integer,1
oblast_spec,text,3
oblast_spec_1,text,1
oblastspec,text,1
obuvki,integer,1
ocenuvanje_poeni,numeric,1
od,text,5
odbien,text,1
oddr_id,integer,1
oddrzan_maraton_ime,text,2
oddrzan_maraton_ime_1,text,1
oddrzan_natprevar_ime,text,2
oddrzhan_festival_ime,text,2
oddrzhan_festival_pocheten_datum,date,2
oddrzhuvanje_datum,date,1
oddrzhuvanje_debelina_sneg,numeric,1
oddrzhuvanje_ime,text,1
odrz_maraton_ime,text,2
odrzan_festival_ime,text,6
odrzan_maraton_datum_kraj,date,3
odrzan_maraton_datum_od,date,3
odrzan_maraton_datum_pocetok,date,3
odrzan_maraton_ime,text,30
odrzan_maraton_kraen_datum,date,3
odrzan_maraton_poceten_datum,date,3
odrzan_maraton_pocetok,date,2
odrzan_natp_id,integer,1
odrzan_natprevar_dat_pocetok,date,2
odrzan_natprevar_datum,date,3
odrzan_natprevar_datum_kraj,date,2
odrzan_natprevar_datum_pocetok,date,2
odrzan_natprevar_id,integer,4
odrzan_natprevar_ime,text,21
odrzan_natprevar_ime_n,text,2
odrzan_natprevar_kraj,date,2
odrzan_natprevar_odrzan_natp_id,integer,1
odrzana_konf_ime,text,1
odrzana_konferencija_datum_pocetok,date,2
odrzana_konferencija_id,integer,2
odrzana_konferencija_ime,text,10
odrzana_nbsp_konferencija_datum_pocetok,date,2
odrzana_nbsp_konferencija_id_konferencija,integer,2
odrzanak_imekonferencija,text,2
odrzanakonferencija_ime,text,2
odrzanakonferencija_lokacija,text,2
odrzanakonferencija_oblast,text,2
odrzanmaraton_ime,text,4
odrzanmaraton_pocetendatum,date,2
odrzannatprevar_ime,text,2
odrzano_izdanie_godina,integer,2
odrzano_izdanie_ime,text,2
odrzano_izdanie_name,text,2
odrzhan_festival_ime,text,3
odrzhan_maraton_ime,text,2
odrzhan_natp_id,integer,1
odrzhan_natprevar_datum_pocetok,date,2
odrzhan_natprevar_ime,text,2
odrzhan_natprevar_odrzhan_natp_id,integer,2
odrzhana_konferencija_ime,text,4
odrzhannatprevar_natprevar_id,integer,2
odrzhannatprevar_pocetok_data,date,2
odrzhuvanje_maraton_ime,text,3
odrzuvanje,text,1
odrzuvanje_ime,text,2
odrzuvanje_maraton_ime,text,5
odrzuvanje_na_maraton_ime,text,1
odrzuvanjemaraton_ime,text,1
oganizator,text,1
opis,text,33
oprema_shifra,integer,7
oprema_sifra,integer,4
organizator,text,58
osnovana,integer,1
ostaven_depozit,numeric,4
ostavendepozit,numeric,1
ostvaten_depozit,numeric,1
osvoeni_poeni,numeric,12
osvoile_poeni,numeric,1
pateka_ime,text,5
pateka_ime_1,text,2
patka_ime,text,1
pediod,text,1
per_konf_ime,text,2
period,text,22
period_iznajmuvanje,text,8
period_na_iznajmuvanje,text,4
period_od,text,2
periodnaiznaj,text,1
peroid_iznajmuvanje,text,1
platena,text,1
pobednici_izvlecen_skijac,text,1
pobednici_izvlecenskijac,text,1
pobednici_sifra,integer,1
pobednik_id,integer,1
pobednik_ime,text,1
pobednik_karta_za_skijanje,integer,1
pobednik_pobednik_id,integer,1
pobednik_shifra,integer,1
pobednik_skijach,text,2
pobednik_извлечениот_скијач,text,2
poceten,date,5
poceten_d,date,3
poceten_dat,date,2
poceten_datm,date,1
poceten_datum,date,61
poceten_datum_1,date,4
poceten_nbsp_datum,date,1
pocetend,date,1
pocetendatum,date,8
pocetendatum_1,date,3
pocetok,date,28
pocetok_data,date,1
pocetok_datum,date,2
pocheten_datum,date,10
pochetendatum,date,1
pochetok,text,4
pochetok_1,date,1
pocten_datum,date,1
podgotvenost,text,4
poedinecno_spustanje_reden_broj,integer,3
poeni,numeric,44
poeni_g_lista,numeric,1
poeni_gen,numeric,2
poeni_gen_list,numeric,1
poeni_generalna_lista,numeric,1
poeni_osvoeni,numeric,1
poeni_rang,numeric,1
poeni_rang_lista,numeric,3
poeni_vo_rang_lista,numeric,1
poenig,numeric,1
poenigeneralna,numeric,1
poenigeneralnalista,numeric,1
points,numeric,1
pokrivatel_sifra,integer,2
pokrivitel_sifra,integer,1
pokrotivtel_sifra,integer,1
pokrovitel_id,integer,1
pokrovitel_na_izdanie_sifra,integer,1
pokrovitel_shifra,integer,15
pokrovitel_sifra,integer,12
pokroviteli_shifra,integer,1
pokroviteli_sifra,integer,1
pol,text,1
ponei,numeric,1
porta,integer,1
posta,text,2
poteklo,text,2
potrebni_rekviziti,text,4
potrebno_vreme,text,4
potrenbno_vreme,text,1
pozicija,integer,8
pozicija_na_koja_zavrshile,integer,1
pozicijarang,integer,1
preime,text,1
preizme,text,1
preparedness,text,1
prerequisite,text,1
prez,text,2
prezime,text,215
prezime_1,text,1
prezime_2,text,1
prezime_sk,text,1
prezime_solist,text,1
prezime_sud,text,1
prezimenaucnik,text,1
prezimerecezent,text,1
prezimes,text,1
price,numeric,1
prifaten,text,2
prize_fund,numeric,1
procedura_id,integer,1
proverka_id,integer,1
proverka_id_1,integer,1
proverki_id_proverka,integer,2
przime,text,1
r_embg,text,1
r_name,text,1
r_shifra,integer,1
rab_iskustvo,text,1
raganje,date,1
raganje_dat,date,2
ragjanje,text,1
ralika,numeric,1
rang,integer,6
rang_pos,integer,1
rang_poz,integer,4
rang_pozicija,integer,9
rang_pozicija_1,integer,1
rangpozicija,integer,1
rank_pos,integer,1
rating,numeric,1
razlika,numeric,2
readiness_level,text,1
recenzent_id,integer,1
recenzent_id_recenzent,integer,1
recenzent_ime,text,9
recenzent_mbr,text,2
recenzent_prezime,text,6
recenzent_r_embg,text,2
recenzent_shifra,integer,1
recenzent_specijalizacija,text,1
recezent,text,1
recezent_embg,text,2
recezent_id,integer,1
recezent_id_recezent,integer,1
recezent_ime,text,1
recezent_imerecezent,text,1
recezent_oblast,text,1
recezent_prezimerecezent,text,1
red_broj,integer,2
reden_br,integer,2
reden_broj,integer,13
redenbr,integer,1
redenbroj,integer,1
redenid,integer,1
referee_name,text,1
registracija,text,1
regularen,text,2
regularen_pokrovitel,text,1
rekveziti,text,1
rekvizit,text,6
rekviziti,text,25
relationship,text,2
remark,text,2
rental_period,text,1
result,numeric,2
reultat,numeric,2
reviewer_ssn,text,1
rezlutat,numeric,1
rezulat,text,2
rezultat,numeric,18
rezultati,numeric,1
rikviziti,text,1
risk_level,text,1
rizik,text,6
rizik_nivo,text,1
rodenden,date,5
role,text,2
role_1,date,1
ruta,text,2
ruta_id_ruta,integer,1
ruta_na_trcanje,text,1
ruta_na_trchanje_shifra,integer,3
ruta_shifra,integer,29
ruta_shifra_r,integer,2
ruta_shifra_ruta,integer,3
ruta_shifraruta,integer,2
ruta_sifra,integer,46
ruta_sifra_ruta,integer,8
ruta_sifra_ruta_1,integer,1
ruta_sifraruta,integer,3
rutaime,text,1
ruti_shifra,integer,13
ruti_shifra_r,integer,2
ruti_sifra,integer,6
s_name,text,1
scena_id,integer,3
scena_shifra,integer,43
scena_sifra,integer,44
scena_sifra_scena,integer,3
sceni_sifra,integer,5
scientific_field,text,1
scientist_ssn,text,2
seodrzuvana,text,1
seodrzuvana_1,text,1
seodrzuvana_2,text,1
seodrzuvana_3,text,1
shfra,integer,1
shifa,integer,1
shifra,integer,158
shifra_1,integer,2
shifra_2,integer,2
shifra_mashina,integer,1
shifra_r,integer,2
shifra_ruta,integer,1
shifra_s,integer,1
shifra_sp,integer,1
shifra_tim,integer,1
shifraruta,integer,1
shira,integer,1
shoe_size,integer,1
sid,integer,2
sifra,integer,163
sifra_1,integer,4
sifra_akcija,integer,1
sifra_na_tim,integer,1
sifra_ruta,integer,3
sifra_scena,integer,1
sifra_sponzor,integer,1
sifra_tim,integer,2
sifraruta,integer,1
size,integer,1
ski_centar_skicenterid,integer,1
ski_competition_name,text,2
ski_competition_name_1,text,1
ski_equipment_id,integer,3
ski_id,integer,2
ski_kompanija_ime,text,4
ski_kompanija_ime_1,text,1
ski_lift_broj_na_lift,integer,2
ski_lift_id,integer,13
ski_lift_id_1,integer,1
ski_lift_id_lift,integer,3
ski_lift_sl_id,integer,4
ski_lift_sl_id_1,integer,1
ski_lift_status,text,5
ski_oprema_shifra,integer,1
ski_pass_id,integer,1
ski_pass_shifra,integer,1
ski_pateka_ime,text,9
ski_slope_name,text,2
ski_slope_name_1,date,1
skiac_id,integer,2
skiacka_oprema_id_oprema,integer,3
skicenterid,integer,1
skier_id,integer,1
skier_skier_id,integer,2
skierid,integer,2
skii,integer,6
skii_id,integer,1
skijac,text,1
skijac_celosno_ime,text,2
skijac_datum_r,date,1
skijac_datum_rag,text,2
skijac_datumragjanje,date,1
skijac_embg,text,3
skijac_generirano_id,integer,1
skijac_golemina_br,integer,1
skijac_id,integer,30
skijac_id_skijac,integer,3
skijac_idskijac,integer,1
skijac_ime,text,43
skijac_ime_1,text,1
skijac_ime_2,text,1
skijac_ime_prezime,text,2
skijac_ime_sk,text,2
skijac_ime_skijac,text,2
skijac_imeskijac,text,1
skijac_mbr,text,4
skijac_prezime,text,12
skijac_prezime_sk,text,2
skijac_ski_id,integer,1
skijac_skijac_id,integer,6
skijach,text,1
skijach_datum_na_ragjanje,text,2
skijach_datum_r,date,3
skijach_id,integer,7
skijach_id_1,integer,1
skijach_id_skijac,integer,3
skijach_ime,text,2
skijach_skierid,integer,3
skijach_skijach_id,integer,2
skijachka_oprema_shifra,integer,5
skijachka_oprema_shifra_1,integer,1
skijachka_patrola_id,integer,1
skijaci_celosnoime,text,1
skijaci_datum_ragj,date,1
skijaci_datumraganje,date,1
skijaci_id,integer,3
skijaci_ime,text,6
skijaci_ime_i_prezime,text,2
skijaci_imes,text,3
skijaci_mbr,text,1
skijacid,integer,2
skijacka_kompanija_ime,text,3
skijacka_opr_shifra,integer,4
skijacka_oprema_shifra,integer,25
skijacka_oprema_shifra_1,integer,2
skijacka_oprema_sifra,integer,38
skijacka_oprema_sifra_1,integer,2
skijacka_oprema_шифра,integer,1
skijacka_pateka_ime,text,5
skijacka_pateka_unikatno_ime,text,2
skijacka_patrola_br_med_licenca,text,2
skijacka_patrola_broj_licenca,text,2
skijacka_patrola_broj_med_licenca,text,1
skijacka_patrola_broj_med_licenca_1,text,1
skijacka_patrola_id,integer,10
skijacka_patrola_id_1,integer,2
skijacka_patrola_id_2,integer,2
skijacka_patrola_id_3,integer,2
skijacka_patrola_id_4,integer,2
skijacka_patrola_id_5,integer,2
skijacka_patrola_id_6,integer,2
skijacka_patrola_id_7,integer,1
skijacka_patrola_id_clen,integer,1
skijacka_patrola_id_licenca,text,2
skijacka_patrola_id_skijacka_patrola,integer,1
skijacka_patrola_ime,text,1
skijacka_patrola_ime_1,text,1
skijacka_patrola_kod,integer,3
skijacka_patrola_kod_1,integer,2
skijacka_patrola_kod_2,integer,2
skijacka_patrola_kod_3,integer,2
skijacka_patrola_kod_4,integer,1
skijackaoprema_sifra,integer,5
skijackapatrola_brojmed_licenca,text,1
skijackapatrola_id,integer,1
skijackapatrola_id_broj,integer,2
skijackapatrola_idclen,integer,2
skilessonid,integer,1
skilift_god_proizvodstvo,integer,4
skilift_godina,integer,1
skilift_id,integer,4
skilift_idlift,integer,2
skilift_ime,text,1
skilift_status,text,1
skipass,integer,3
skipass_shifra,integer,2
skipass_sifra,integer,4
skipass_skipassid,integer,1
skipassid,integer,1
skipateka_ime,text,3
skypass,integer,1
sl_id,integer,1
slikacka_oprema_sifra,integer,4
smena,text,1
smena_datum,date,2
smena_datumsmena,date,1
smena_id,integer,7
smena_raspredelba_datum,date,1
smenaid,integer,2
smeni_broj_licenca,text,1
smeni_datum,date,1
smeni_id,integer,3
smeni_raspredelba_id,integer,1
smesteni,text,3
smestuvanje,text,1
sneg,numeric,1
snow_depth,numeric,2
solisti,text,4
solo_id,integer,1
solo_id_1,integer,1
sostojba,text,2
spasuvacka_akcija_sifra_akcija,integer,1
specijalizacija,text,2
speed_race_fis_id,integer,2
speed_race_fis_id_1,integer,1
spisok_treneri,text,1
sponozor_sifra_sponzor,integer,1
sponsor_s_name,text,1
sponsor_shifra,integer,3
sponsor_sifra,integer,2
sponsor_sum,numeric,1
sponsori,text,1
sponsors,text,1
sponzor,text,6
sponzor_id,integer,9
sponzor_ime,text,5
sponzor_ime_sponzor,text,1
sponzor_shifra,integer,22
sponzor_shifra_1,integer,1
sponzor_sifra,integer,23
sponzor_sponzor_id,integer,3
sponzori,text,24
sponzori_e_mail,text,1
sponzori_shifra,integer,2
sponzori_shifra_s,integer,1
sponzori_sifra,integer,1
sponzori_tel_br,text,1
sponzorime,text,1
sponzorstvo_sifra,integer,1
spozor_id,integer,1
spushtanje_reden_broj,integer,1
spust_reden_br,integer,1
spustanja_trka_id,integer,1
spustanja_trka_reden_broj,integer,1
spustanje_reden_broj,integer,2
srebrem,integer,1
srebren,integer,10
ssn,text,4
start_broj,integer,1
start_date,date,3
start_date_for_judge,date,1
starten_br,integer,2
starten_broj,integer,7
status,text,54
status_nbsp,text,1
status_trud,text,1
statustrud,text,1
strart_broj,integer,1
sudii,text,1
sudii_ime,text,1
sudija_id,integer,12
sudija_ime,text,20
sudija_ime_sud,text,1
sudija_ime_sudija,text,1
sudija_mbr,text,1
sudija_prezime,text,6
sudija_prezime_sud,text,1
sudija_sudija_id,integer,1
sudija_unikatnoime,text,1
sudja_sudija_id,integer,1
surname,text,2
t_name,text,1
tehnicka_trka_tip,text,5
tehnologii,text,27
tehnologii_poddrzani,integer,1
tehnologija,text,18
tehnologija_1,text,1
tel,text,4
tel_br,text,7
tel_broj,text,33
telbr,text,3
telbroj,text,1
telefon,text,1
telefonski_br,text,1
telefonski_broj,text,9
tell,text,1
tezhina,numeric,6
tezina,numeric,23
tiip,text,1
tim,text,2
tim_id,integer,7
tim_ime,text,5
tim_ime_tim,text,3
tim_imetim,text,2
tim_shifra,integer,2
tim_ид,integer,1
time,text,3
time_period,text,1
times,text,1
timime,text,1
tip,text,203
tip_1,text,5
tip_2,text,2
tip_karta,text,1
tip_kupola,text,4
tip_na_karta,text,1
tip_na_kupola,text,1
tip_na_pokrovitelstvo,text,2
tip_na_sponzor,text,1
tip_nbsp,text,1
tip_pokrovitelstvo,text,1
tip_skijacka_oprema_id,integer,2
tip_sponzor,text,1
tip_sponzorstvo,text,3
tip_sponzorstvvo,text,1
tip_vozilo,text,1
tip_zashtita,text,2
tip_zasita,text,1
tip_zastita,text,3
tip_zastitna_kupola,text,2
tip_zl_sr_br,text,1
tipot,text,1
tipskii,text,1
tipsponzorstvo,text,1
tipzkup,text,1
title,text,2
to,text,1
tocen_datum,date,1
traenje,text,3
traenje_na_nastap,text,1
trans_vozilo_kod,integer,1
transportni_voz_kod,integer,1
transportni_vozila_kod,integer,1
transportno_vozilo_kod,integer,17
transportno_vozilo_kod_1,integer,1
trener,text,2
treneri,text,9
trening_datum_trening,date,1
trening_tip,text,1
trening_visinska_razlika,numeric,1
trka_id,integer,19
trka_id_1,integer,1
trud_naslov,text,3
trudovi,text,2
type,text,5
type_of_protective_canopy,text,2
u_ime,text,1
ucensnici_id,integer,1
ucensnik_broj,integer,4
ucensnik_broj_1,integer,1
ucesnici_id,integer,11
ucesnici_id_1,integer,2
ucesnik_id,integer,75
ucesnik_id_1,integer,18
ucesnik_id_broj,integer,16
ucesnik_id_broj_1,integer,3
ucesnik_id_number,integer,3
ucesnik_id_number_1,integer,1
ucesnik_id_ucesnik,integer,4
ucesnik_iident_br,integer,4
ucesnik_iident_br_1,integer,1
ucesnik_ime_nbsp,text,2
ucesnik_ime_tim,text,2
ucesnik_ime_tim_1,text,1
ucesnik_ucesnik_id,integer,3
ucesnik_ucesnik_id_1,integer,2
ucesnik_uid,integer,2
ucesnik_uid_1,integer,1
uchesnik_id,integer,7
uchesnik_id_1,integer,2
uchesnik_identifikaciski_broj,integer,4
uid,integer,1
uime,text,2
uloga,text,28
umetnichko_ime,text,1
uni_id,integer,1
unikaten_broj,integer,1
unikatno_ime,text,7
unikatnoime,text,1
unique_ime,text,1
unique_name,text,1
university,text,1
univerzitet,text,6
univerzitet_id,integer,4
univerzitet_id_univerzitet,integer,1
univerzitet_iduniverzitet,integer,1
univerzitet_ime,text,1
univerziteti,text,3
usluga,text,1
vid_kupola,text,1
visina,numeric,1
visinska_razlika,numeric,11
visinskarazlika,numeric,2
vistinska_razlika,numeric,2
vk_cena,numeric,3
vkupna_cena,numeric,14
vkupnacena,numeric,1
vozila_kod,integer,1
vozilo_id,integer,1
vozilo_kod,integer,6
vozilo_kod_vozilo,integer,1
vozilo_kodvozilo,integer,2
vozilo_t_kod,integer,2
voziloid,integer,1
vrabopten_ime,text,2
vraboten_celo_ime,text,2
vraboten_celosno_ime,text,2
vraboten_id,integer,2
vraboten_ime,text,15
vraboten_ime_1,text,2
vraboten_ime_prezime,text,1
vraboten_vraboten_ime,text,1
vraboteni_ime,text,4
vraboteni_unikatno_ime,text,2
vrem_period,text,2
vrem_period_1,text,1
vreme,text,70
vreme_1,text,3
vreme_da_zavrshi,text,1
vreme_da_zavrsi,text,1
vreme_istrca,text,1
vreme_na_izvedba,text,1
vreme_na_nastap,text,5
vreme_na_reg,text,4
vreme_na_registirranje,text,1
vreme_na_registracija,text,3
vreme_na_registriranje,text,3
vreme_na_trcanje,text,1
vreme_nastap,text,2
vreme_nazavrsuvanje,text,1
vreme_period,text,1
vreme_potrebno,text,3
vreme_pristignuvanje,text,1
vreme_r,text,1
vreme_reg,text,6
vreme_regis,text,2
vreme_registr,text,1
vreme_registracija,text,2
vreme_registriranje,text,8
vreme_spust,text,1
vreme_spustanje,text,7
vreme_termin,text,2
vreme_tretman,text,9
vreme_zavrshuvanje,text,2
vreme_zavrsi,text,1
vreme_zavrsuvanje,text,4
vremeakcija,text,1
vremedo,text,1
vremenski_period,text,10
vremenski_period_smena,text,1
vremenskiperiod,text,1
vremenskiperod,text,1
vremeod,text,1
vremereg,text,3
vremesnki_period,text,2
vremetraenj,text,1
vremetraenje,text,37
vremetraenje_1,text,4
vremetraenje_2,text,1
vremetraenje_nanastapot,text,1
vremetraenje_nastap,text,1
vremetranje,text,3
vremetretman,text,1
vretraenje,text,1
year_nbsp_of_manufacture,integer,2
years_of_experience,integer,1
zabeleshki,text,5
zabeleska,text,2
zabeleska_nbsp_nbsp_nbsp,text,1
zabeleski,text,9
zabeleski_1,text,2
zabelshki,text,1
zashtita,text,1
zastita,text,1
zastita_tip,text,1
zavrsena_pozicija,integer,1
zid,integer,1
zlaten,integer,11
zona,text,2
zona_id,integer,4
zona_id_zona,integer,1
zona_idzona,integer,1
zona_ime,text,1
zona_nivo_rizik,text,1
zona_rizik_nivo,text,1
zona_shifra,integer,1
zona_zona_id,integer,2
zoni_id,integer,1
zvanje,text,3
акции,text,1
акции_за_спасување_локација,text,1
акции_за_спасување_локација_1,text,1
апликација_ид,integer,1
база,text,19
база_1,text,1
база_nbsp,text,1
база_на_сместување,text,2
базасместени,text,1
базата,text,1
безбедносна_проверка_id_sky_lift,integer,1
безбедносна_проверка_датум,date,1
био,text,1
биографија,text,36
бодови,numeric,1
бр_лиценца,text,4
бр_мед_ед,integer,1
бр_на_обувки,integer,1
бр_натрудови,integer,1
бр_порти,integer,1
бр_рецензии,integer,1
бр_трудови,integer,4
бр_цитати,integer,10
бренд,text,18
бренд_nbsp,text,1
брзинска_трка_id,integer,1
брзинска_трка_id_1,integer,1
брзинска_трка_датум_на_раѓање,date,1
брзинска_трка_датум_на_раѓање_1,date,1
брзинска_трка_датум_на_раѓање_2,date,1
брзинска_трка_датум_на_раѓање_3,date,1
брзинска_трка_идентификациски_број,integer,1
брзинска_трка_име,integer,1
брзинска_трка_име_1,integer,1
брзинска_трка_име_2,integer,1
брзинска_трка_име_3,integer,1
брзинска_трка_име_4,integer,1
брзинска_трка_име_и_презиме,text,1
брзинска_трка_име_и_презиме_1,text,1
брзинска_трка_име_и_презиме_2,text,1
брзинска_трка_име_и_презиме_3,text,1
брзинска_трка_националност,text,1
брзинска_трка_националност_1,text,1
брзинска_трка_националност_2,text,1
брзинска_трка_националност_3,text,1
брзинска_трка_националност_4,text,1
брзинска_трка_реден_број,integer,1
брзинска_трка_реден_број_1,integer,1
брлиценца,text,2
бро_на_цитати,integer,1
бронзен,integer,3
бронзен_nbsp,integer,1
број,integer,8
број_лиценца,text,2
број_м_л,integer,1
број_мед_лиценца,text,2
број_на_лиценца,text,2
број_на_лиценца_1,text,1
број_на_порта,integer,1
број_на_порти,integer,6
број_на_рецензирани_трудови,integer,1
број_на_скијачки_патеки,integer,1
број_на_трудови,integer,3
број_на_цитати,integer,4
број_нацитати,integer,1
број_порти,integer,3
број_трудови,integer,2
број_цитати,integer,3
бројмед_лиценца,text,1
бројнза,integer,1
бројот_на_медицинска_лиценца,text,3
бројот_на_нивната_медицинска_лиценца,text,1
бројот_цитати,integer,1
бројтрудови,integer,1
бројцитати,integer,1
буџет,numeric,22
в_период,text,1
вештачки_снег,text,1
вид_на_nbsp_заштитна_купола,text,1
висинска_разлика,numeric,8
висинската_разлика,numeric,1
вкупна_цена,numeric,2
вкупната_цена,numeric,1
возило_voziloid,integer,2
вработен_име,text,11
вработен_име_1,text,1
вработен_целосно_име,text,2
време,text,46
време_до_завршување,text,1
време_за_завршување_маратон,text,1
време_завршување,text,1
време_зазавршување,text,1
време_крај,text,1
време_на_nbsp_регистрација,text,1
време_на_завршување,text,2
време_на_рег,text,1
време_на_регистрација,text,2
време_на_регистрирање,text,7
време_на_спуштање,text,1
време_на_третман,text,3
време_нарегистрирање,text,1
време_настап,text,4
време_натретман,text,3
време_потребно,text,1
време_р,text,1
време_рег,text,4
време_регистрација,text,1
време_регистрирање,text,1
време_спуштање,text,1
време_траење,text,1
време_третман,text,2
времена_третман,text,1
временарегистрација,text,3
временатрчање,text,3
временски_nbsp_период,text,1
временски_период,text,7
временски_период_1,text,1
временски_период_на_смената,text,1
временски_преиод,text,1
временскипериод,text,6
временскипериод_1,text,1
времерег,text,1
времетарање,text,1
времетраење,text,34
времетраење_nbsp,text,1
времетрање,text,2
времетрање_на_акција,text,1
генерални_поени,numeric,1
генерира_единствен_број,integer,1
главен,text,3
главен_покровител,text,1
главен_шифра,integer,2
главен_шифра_1,integer,1
год_искуство,integer,2
год_наискуство,integer,1
год_основање,integer,1
год_произв,integer,1
год_производство,integer,3
годин_на_основање,integer,1
година,integer,18
година_1,integer,1
година_nbsp,integer,1
година_на_оснавање,integer,1
година_на_основање,integer,15
година_на_производство,integer,10
година_наосновање,integer,2
година_напроизводство,integer,1
година_основање,integer,13
година_произ,integer,2
година_производство,integer,3
годинаосновање,integer,1
годинапроизводство,integer,2
години_на_искуство,integer,1
гол_бу,text,1
големина,integer,20
големина_буџет,numeric,2
големина_на_буџет,numeric,4
големина_на_обувки,integer,8
големина_набуџет,numeric,1
големина_обув,integer,1
големина_обувки,integer,4
големина_чизми,integer,2
големина_чизми_1,integer,1
големина_чизми_2,integer,1
големинабуџет,numeric,3
големинаобувки,integer,1
град,text,39
град_и_држава_nbsp,text,1
група_година_основање,integer,2
група_година_основање_1,integer,2
група_година_основање_2,integer,1
група_име,text,3
група_име_1,text,3
група_име_2,text,2
група_име_3,text,1
група_име_4,text,1
група_име_5,text,1
група_име_изведувач,text,1
група_име_изведувач_1,text,1
група_шифра,integer,2
група_шифра_1,integer,1
група_шифра_2,integer,1
групи_година_на_основање,integer,1
групи_година_на_основање_1,integer,1
групи_име,text,1
групи_име_1,text,1
д_крај,date,1
д_крај_1,date,1
д_почеток,date,1
д_почеток_1,date,1
дарување_име,text,13
дарување_име_1,text,2
дарување_почетен_датум,date,2
даски,integer,2
дат_раг,date,1
дата,date,1
дата_крај,date,1
дата_на_раѓање,date,2
дата_назначен,date,1
дата_основање,date,1
дата_почеток,date,1
дата_раѓ,date,2
дата_раѓање,date,2
датарегистразија,date,1
датуд_до,date,1
датуд_од,date,1
датум,date,95
датум_1,date,5
датум_2,date,1
датум_3,date,1
датум_nbsp,date,3
датум_време_на_рег,date,1
датум_до,date,20
датум_и_време_на_регистрација,date,1
датум_из,date,1
датум_изв,date,1
датум_извекување,date,1
датум_извлекување,date,5
датум_извлекување_1,date,1
датум_извлекување_2,date,1
датум_к,date,1
датум_крај,date,27
датум_крај_1,date,1
датум_крај_2,date,1
датум_на_извлекување,date,3
датум_на_крај,date,2
датум_на_оддржување,date,4
датум_на_оддржување_1,date,3
датум_на_одржување,date,2
датум_на_почеток,date,2
датум_на_почеток_и_крај,date,1
датум_на_раг,date,1
датум_на_раганје,date,1
датум_на_раѓ,date,1
датум_на_раѓање,date,50
датум_на_раѓање_1,date,1
датум_на_рег,date,1
датум_на_регистрација,date,2
датум_на_регистрирање,date,4
датум_назначен,date,3
датум_назначен_1,date,1
датум_назначување,date,1
датум_накрај,date,1
датум_наосновање,date,1
датум_напочеток,date,1
датум_нараѓање,date,5
датум_од,date,20
датум_одржување,date,3
датум_п,date,2
датум_почеток,date,27
датум_почеток_1,date,1
датум_почеток_2,date,1
датум_пристигање,date,1
датум_присуство,date,1
датум_проверка,date,1
датум_р,date,6
датум_раг,date,1
датум_рагање,date,1
датум_ражање,date,1
датум_раѓ,date,2
датум_раѓање,date,34
датум_рег,date,1
датум_регистрација,date,1
датум_регистрирање,date,2
датумдо,date,1
датумкрај,date,4
датумназначен,date,1
датумод,date,1
датумот_nbsp,date,4
датумот_на_извлекување,date,1
датумпочеток,date,4
датумр,date,1
датумраѓање,date,4
датумрег,date,1
дебелина_nbsp,numeric,1
дебелина_на_снег,numeric,5
дебелина_на_снегот,numeric,1
дебелина_снег,numeric,2
дел_од,text,2
ден,date,1
депозит,numeric,9
дисциплина,text,2
дисциплина_дисциплина_ид,integer,4
дисциплина_ид,integer,2
дисциплина_ид_1,integer,1
дисциплина_ид_2,integer,1
дисциплина_ид_3,integer,1
дисциплина_име,text,42
дисциплина_име_1,text,4
дисциплина_име_2,text,2
дисциплина_име_3,text,1
дисциплина_име_4,text,1
дисциплина_име_д,text,5
дисциплина_име_дисциплина,text,6
дисциплинаквалификација,text,1
до,text,2
долж_на_патека,numeric,1
должина,numeric,41
должина_km,numeric,1
должина_nbsp,numeric,1
должина_киломтри,numeric,1
должина_км,numeric,5
должинана_патека,numeric,1
должината_nbsp,numeric,2
должината_на_патеката,numeric,1
држ_на_потекло,text,1
држава,text,68
држава_1,text,3
држава_на_потекло,text,5
држава_напотекло,text,1
држава_потекло,text,2
е_пошта,text,30
единствен_број,integer,1
еиб,text,1
електронска_пошта,text,1
емаил,text,4
ембг,text,5
епошта,text,3
забелешка,text,3
забелешка_1,text,1
забелешки,text,2
завршна_позиција,integer,1
заштитнакупола,text,1
звање,text,1
златен,integer,4
злато,integer,1
зона_zid,integer,1
зона_идзона,integer,1
зона_ниво_на_ризик,text,1
зона_ниво_ризик,text,1
зони_id,integer,1
зони_шифра,integer,1
иб,text,1
ид,integer,40
ид_број,integer,9
ид_гондола,integer,1
ид_жичара,integer,1
ид_маратон,integer,1
ид_спуштање,integer,1
идброј,integer,1
идентификациски_број,integer,17
идентификувачки_број,integer,1
идзона,integer,1
изв_скијач,text,1
изведувач_име,text,44
изведувач_име_1,text,9
изведувач_име_изведувач,text,3
изведувач_уметничко_име,text,3
изведувач_уметничко_име_1,text,1
изведувачи_година_основање,integer,1
изведувачи_година_основање_1,integer,1
изведувачи_име,text,1
изведувачи_име_1,text,1
изведувачи_име_2,text,1
изведувачи_име_на_nbsp_изведувач,text,2
изведувачи_име_на_nbsp_изведувач_1,text,1
изведувачи_шифра,integer,1
извештаи,text,9
извештај,text,10
извлечен,text,1
извлечен_скијач,text,2
извлечениот_скијач,text,1
издание_id,integer,2
издание_година,integer,2
издание_име,text,18
издание_име_1,text,1
издание_име_2,text,1
издание_на_фестивал_име,text,7
издание_на_фестивалот_име,text,3
издание_опис,text,2
издание_ф_име,text,2
издание_фестивал_име,text,2
издание_фестивал_код_издание,integer,2
издание_шифра_издание,integer,3
износ,numeric,41
износ_1,numeric,1
износ_на_nbsp_поддршка,numeric,1
износ_на_поддршка,numeric,6
износ_на_поддрѓка,numeric,1
износ_на_подршка,numeric,2
износ_поддршка,numeric,1
име,text,665
име_1,text,16
име_10,text,1
име_11,text,1
име_2,text,11
име_3,text,7
име_4,text,7
име_5,text,3
име_6,text,3
име_7,text,1
име_8,text,1
име_9,text,1
име_nbsp,text,11
име_д,text,1
име_дисциплина,text,2
име_и_презиме,text,7
име_и_презиме_1,text,1
име_изведувач,text,2
име_издание,text,1
име_на_nbsp_изведувач,text,1
име_на_nbsp_покровител,text,1
име_на_карта,text,1
име_на_модел,text,1
име_на_сцена,numeric,1
име_на_тим,text,4
име_натпревар,text,2
име_област,text,1
име_презиме,text,1
име_скијач,text,1
име_солист,text,2
име_спонзор,text,4
име_сцена,text,1
име_тим,text,5
име_труд,text,1
имедисциплини,text,1
имеинформации,text,1
имепрезиме,text,1
имепрезимескијач,text,1
имепрезимесудија,text,1
името,text,2
името_nbsp,text,1
индивидуален_учесник_ид,integer,1
индивидуалец_идентификувачки_број,integer,1
индивидуалци,text,1
индидивуални_учесници_id,integer,1
индидивуални_учесници_id_1,integer,1
индидивуални_учесници_име,text,1
инфо_забаза,text,2
искуство,text,43
искуство_1,text,3
искуство_во_горд,integer,1
искуство_години,integer,2
итна_интервенција_ид,integer,1
итни_интервенции_id,integer,2
капаацитет,text,1
капацитет,numeric,48
капацитет_на_технологии,numeric,1
капацитетот,numeric,3
карта,integer,2
карта_за_скијање_skipass_шифра,integer,1
карта_за_скијање_шифра,integer,1
карта_скијање_шифра,integer,1
карта_шифра,integer,1
карти_скијање_шифра,integer,1
квалификуван,text,1
квалификуван_1,text,1
квалификуван_2,text,1
квалификуван_3,text,1
квалификуван_4,text,1
квалификуван_5,text,1
кдатум,date,1
код,integer,43
код_nbsp,integer,2
код_издание,integer,1
код_на_процедура,integer,1
код_процедура,integer,1
компанија_за_скијачка_опрема_име,text,2
компанија_име,text,31
компанија_име_1,text,2
контакт,text,20
конференции_id,integer,4
конференции_шифра,integer,2
конференција_име,text,23
конференција_име_1,text,7
конференција_шифра,integer,2
конференцијанастан_име,text,3
краен,date,2
краен_датум,date,63
краен_датум_1,date,1
краендатум,date,6
краток_опис,text,17
краток_опис_1,text,1
кратокопис,text,1
крај,date,15
крај_1,date,2
крај_2,date,2
крај_конференција,text,1
листа_тренери,text,5
лиценца,text,5
локаија,text,1
локации,text,45
локации_nbsp,text,1
локација,text,88
локација_1,text,4
локација_nbsp,text,1
маратон_id,integer,2
маратон_ид,integer,1
маратон_име,text,31
маратон_име_1,text,17
маратон_маратон_ид,integer,1
маратон_шифра,integer,3
маратон_шифра_1,integer,2
матичен_број,text,2
машина_шифра,integer,7
мбр,text,5
мед_лиценца,text,1
медицинска_nbsp_единица_лиценца,text,1
медицинска_единица_id,integer,1
медицинска_единица_брлиценца,text,1
медицинска_единица_број,integer,1
медицинска_единица_број_мед_лиценца,text,2
медицинска_единица_ембг,text,1
медицинска_единица_ид,integer,2
медицинска_единица_ид_број,integer,1
медицинска_единица_идентификациски_број,integer,1
медицинска_единица_лиценца,text,1
медицинска_единица_мед_лиценца,text,1
медицинска_лиценца,text,3
медицинскаединица_id,integer,1
медицинскаединица_број_лиценца,text,1
медицинскаединица_бројмед_лиценца,text,1
медицинскаединица_идброј,integer,1
месец,text,1
модел,text,9
моделот,text,4
н_звање,text,1
награден_фонд,numeric,21
награден_фонд_1,numeric,2
награденфонд,numeric,2
наградниот_фонд,numeric,1
надграден_фонд,numeric,1
наслов,text,19
наслов_труд,text,2
натпревар_id,integer,1
натпревар_ид,integer,1
натпревар_име,text,24
натпревар_име_1,text,10
натпревар_име_натпревар,text,4
натпревар_натпревар_ид,integer,2
натпревар_натпревар_ид_1,integer,1
натпревар_натпревар_ид_2,integer,1
натпревар_натпревар_ид_3,integer,1
натпревар_оддржување_име,text,2
научник_ssn,text,2
научник_име,text,9
научник_код,integer,2
научник_матичен_број,text,2
научник_мбр,text,3
научник_научно_звање,text,1
научник_област,text,1
научник_одржување,text,1
научник_презиме,text,2
научник_шифра,integer,2
научно_звање,text,11
научно_знаење,text,3
научнозвање,text,4
научното_звање,text,1
национален_тим_шифра,integer,5
националност,text,10
националност_1,text,2
националност_2,text,1
ниво,text,9
ниво_nbsp_ризик,text,1
ниво_на_п,text,1
ниво_на_под,text,1
ниво_на_подготвеност,text,5
ниво_на_ризик,text,9
ниво_на_ризик_1,text,1
ниво_наризик,text,5
ниво_подготвеност,text,3
ниво_подготовка,text,1
ниво_ризик,text,6
нивоподготвеност,text,3
ниворзизк,text,1
ниворизик,text,4
ноќно_скијање,text,1
област,text,3
област_име,text,22
област_на_специјализација,text,2
области_име,text,3
области_име_труд,text,1
обувки,integer,1
од,text,2
одбиен,text,2
оддржан_натпревар_ид,integer,1
оддржан_натпревар_ид_1,integer,1
оддржан_натпревар_ид_2,integer,1
оддржан_натпревар_име,text,2
оддржан_натпревар_натпревар_ид,integer,2
оддржан_натпревар_оддржан_натпревар_ид,integer,2
оддржан_почеток,date,2
оддржување_ид,integer,3
одрж_натпревар_име_натпревар,text,2
одржан_маратокн_година,integer,2
одржан_маратокн_име,text,2
одржан_маратон_година,integer,3
одржан_маратон_датум,date,3
одржан_маратон_име,text,27
одржан_маратон_почетен,date,3
одржан_маратон_шифра,integer,2
одржан_натпревар_id,integer,5
одржан_натпревар_име,text,8
одржан_фестивал_година,integer,3
одржан_фестивал_име,text,3
одржана_конференција_датум_крај,date,2
одржана_конференција_датум_од,date,2
одржана_конференција_датум_почеток,date,2
одржана_конференција_име,text,9
одржана_конференција_име_1,text,2
одржана_конференција_локација,text,2
одржана_конференција_шифра,integer,2
одржанаконференција_име,text,2
одржанаконференција_шифра,integer,2
одржанмаратон_име,text,2
одржаннатпревар_датумпочеток,date,1
одржаннатпревар_име,text,1
одржано_издание_име_издание,text,1
одржано_издание_шифра_издание,integer,1
одржанфестивал_име,text,2
одржување,text,3
одржување_1,text,2
одржување_име,text,2
одржување_маратон_ид,integer,2
одржување_маратон_шифра,integer,2
одржување_на_маратон_име,text,7
одржување_на_маратон_почетен_датум,date,2
опис,text,25
опфатени_области_опис,text,1
опчеток,date,1
организарот,text,2
организатор,text,37
освоени_поени,numeric,6
освоенипоени,numeric,1
основање,text,1
оставен_депозит,numeric,2
оставениот_депозит,numeric,1
оцена,numeric,4
оцена_1,numeric,2
оцена_2,numeric,1
патрола_извештаи,text,1
патролирање_временски_период,text,1
патролирање_код,integer,1
патролирање_шифра,integer,2
патролни_возила_код,integer,1
пдатум,date,1
период,text,13
период_до,text,2
период_на_изнајмување,text,2
период_од,text,2
победник_скијач,text,1
победник_шифра,integer,1
подготвеност,text,7
поддржани_технологии,text,1
подржани_технологии,text,1
поединечни_спуштања_реден_број,integer,1
поединечно_спуштање_реден_број,integer,1
поени,numeric,31
поени_1,numeric,3
поени_во_ген_ранг_листа,numeric,2
поени_во_ген_ранг_листа_1,numeric,1
поени_во_генерална_nbsp_ранг_листа,numeric,1
поени_во_генерална_листа,numeric,1
поени_во_ранг_листа,numeric,1
поени_освоени,numeric,3
поени_освоени_1,numeric,1
поени_ранг_листа,numeric,2
поенигенералнаранглиста,numeric,1
поениранглиста,numeric,1
позиција,integer,7
позиција_ранг_листа,integer,1
покривател_шифра,integer,1
покровител_шифра,integer,22
покровители_шифра,integer,2
покровителство,text,1
порта,integer,1
потекло,text,8
потребни_реквизити,text,2
потребни_рестрикции,text,1
потребниреквизити,text,2
потребно_време,text,2
потребновреме,text,1
почетен,date,2
почетен_nbsp_датум,date,1
почетен_датаум,date,1
почетен_датум,date,61
почетен_датум_1,date,1
почетендатум,date,7
почеток,date,14
почеток_1,date,2
почеток_2,date,2
почеток_конференција,date,1
през,text,1
презие,text,1
презиме,text,176
презиме_1,text,4
презиме_2,text,3
презиме_3,text,1
презиме_солист,text,1
презимето,text,1
преиме,text,1
прифатен,text,2
професионални_инструктори_skierid,integer,1
процедура,text,1
работел_до,date,1
работел_од,date,1
работи_од,text,1
рагање,text,1
разлика,numeric,3
различниизвештаи,text,1
ранг,integer,1
ранг_листа,integer,1
ранг_листа_место,integer,1
ранг_место,integer,1
ранг_позиција,integer,9
ранг_позиција_1,integer,1
раѓ,date,1
регуларен,text,1
регуларен_nbsp,text,2
регуларен_покровител,text,1
реден_број,integer,8
реден_број_nbsp,integer,1
резултат,numeric,7
резултат_пров,numeric,1
резултатот_nbsp,numeric,2
реквизит,text,3
реквизити,text,21
реквизити_1,text,3
реквизити_2,text,1
реквизити_3,text,1
репрезентација_име,text,1
рецезент_шифра,integer,1
рецензент_име,text,6
рецензент_матичен_број,text,1
рецензент_шифра,integer,2
рецензентити,text,1
ризик,text,1
роденден,date,1
рут_шифра,integer,2
рута_име,text,5
рута_шифра,integer,63
рути_шифра,integer,5
рути_шифрар,integer,1
сhekpointѕ,integer,1
се_организира,text,1
се_состои_од,text,1
ски,integer,1
ски_карта_шифра,integer,2
ски_лифт_id,integer,4
ски_лифт_id_sky_lift,integer,3
ски_лифт_id_sky_lift_1,integer,1
ски_лифт_ид,integer,4
ски_лифт_ид_1,integer,1
ски_лифт_код,integer,3
ски_опрема_шифра,integer,4
ски_патека_име,text,3
скичај_id,integer,1
скијач,text,3
скијач_id,integer,12
скијач_id_скијач,integer,2
скијач_sid,integer,1
скијач_дат_раг,date,1
скијач_датум_на_раѓање,date,1
скијач_датум_на_раѓање_1,date,1
скијач_датум_раѓање,date,5
скијач_ембг,text,2
скијач_ид,integer,8
скијач_ид_1,integer,1
скијач_име,text,23
скијач_име_презиме,text,1
скијач_име_скијач,text,1
скијач_код,integer,2
скијач_мбр,text,3
скијач_презиме,text,3
скијач_скичај_id,integer,2
скијач_скијач_ид,integer,2
скијач_скијачid,integer,1
скијачid,integer,1
скијачи_датум_на_раѓање,date,2
скијачи_датум_на_раѓање_1,date,1
скијачи_датум_на_раѓање_2,date,1
скијачи_датум_на_раѓање_3,date,1
скијачи_ид,integer,2
скијачи_име,text,2
скијачи_име_и_презиме,text,2
скијачи_име_и_презиме_1,text,1
скијачи_име_и_презиме_2,text,1
скијачи_име_и_презиме_3,text,1
скијачи_скијач_id,integer,2
скијачи_целосно_име,text,1
скијачка_компанија_име,text,3
скијачка_опрема_шифра,integer,42
скијачка_патека_име,text,8
скијачка_патрола_id,integer,5
скијачка_патрола_id_1,integer,2
скијачка_патрола_nbsp_ид,integer,2
скијачка_патрола_ембг,text,3
скијачка_патрола_ид,integer,6
скијачка_патрола_ид_1,integer,1
скијачка_патрола_ид_број,integer,1
скијачка_патрола_идентификациски_број,integer,2
скијачка_патрола_идентификациски_број_1,integer,1
скијачкапатрола_ембг,text,2
скијачкапатрола_ембг_1,text,1
скијачкапатрола_идброј,integer,2
скијачкаптрола_id,integer,2
смена_smenaid,integer,2
смена_временски_период,text,2
смена_временски_период_1,text,1
смена_датум,date,1
смена_ембг,text,1
смена_ид,integer,3
смена_извештај,text,1
смена_период,text,1
смени_на_распределба_датум,date,1
смени_распределба,text,1
смени_шифра,integer,1
смени_шифра_1,integer,1
сместување,text,1
смештај,text,1
солист_име,text,2
солисти_група,text,1
составена,text,3
составена_1,text,1
составени,text,1
составени_1,text,1
специјализација,text,1
спознор_шифра,integer,1
спонзор,text,5
спонзор_id_спонзор,integer,1
спонзор_ид,integer,2
спонзор_ид_1,integer,1
спонзор_име,text,6
спонзор_спонзор,text,1
спонзор_спонзор_ид,integer,1
спонзор_спонзорid,integer,1
спонзор_шифра,integer,29
спонзор_шифра_1,integer,1
спонзор_шифрас,integer,1
спонзорid,integer,1
спонзори,text,21
спонзори_1,text,1
спонзори_2,text,1
спонзори_3,text,1
спонзори_тел_број,text,1
спонзори_шифра,integer,2
спуштања_nbsp_reden_broj,integer,1
спуштања_реден_број_nbsp,integer,1
спуштање_ид,integer,1
спуштање_ид_1,integer,1
спуштање_ид_2,integer,1
сребрен,integer,3
сребрен_nbsp,integer,1
сребро,integer,1
старт,text,1
стартен_број,integer,2
стартен_број_во_трка,integer,4
стартен_број_трка,integer,1
стартниот_број_nbsp,integer,1
статус,text,28
статус_nbsp,text,3
статус_труд,text,1
степен_на_подготвеност,text,1
судии,text,2
судии_1,text,2
судии_име,text,1
судија_id,integer,6
судија_id_судија,integer,1
судија_дисциплинаквалификација,text,1
судија_ид,integer,4
судија_ид_1,integer,1
судија_име,text,11
судија_националност,text,1
судија_презиме,text,2
судија_судија_ид,integer,2
судија_судијаid,integer,1
судијаid,integer,1
сцена_шифра,integer,55
сцена_шифра_1,integer,1
сцени_шифра,integer,5
тегнологии,text,1
тежина,numeric,9
тежината_nbsp,numeric,3
тел,text,1
тел_бр,text,8
тел_број,text,13
телброј,text,1
телефон,text,3
телефонски_број,text,11
телефонскиброј,text,4
техичка_трка_id,integer,2
техичка_трка_id_1,integer,2
техичка_трка_датум_на_раѓање,date,2
техичка_трка_датум_на_раѓање_1,date,2
техичка_трка_датум_на_раѓање_2,date,2
техичка_трка_име,text,2
техичка_трка_име_1,text,2
техичка_трка_име_2,text,2
техичка_трка_име_3,text,2
техичка_трка_име_4,text,1
техичка_трка_име_и_презиме,text,2
техичка_трка_име_и_презиме_1,text,2
техичка_трка_име_и_презиме_2,text,2
техичка_трка_националност,text,2
техичка_трка_националност_1,text,2
техичка_трка_националност_2,text,2
техичка_трка_националност_3,text,2
техичка_трка_националност_4,text,1
техичка_трка_реден_број,integer,2
техичка_трка_реден_број_1,integer,2
технологии,text,28
технологии_кои_поддржува,text,1
технологија,text,8
тим_ид,integer,2
тим_име,text,4
тим_име_на_тим,text,1
тим_шифра,integer,1
тимови_име_на_тим,text,1
тип,text,120
тип_nbsp,text,3
тип_заш,text,1
тип_заштитна_купола,text,3
тип_заштитнакупола,text,1
тип_купола,text,1
тип_на_nbsp_покровителство,text,1
тип_на_заштитна_купола,text,1
тип_на_купола,text,2
тип_на_купола_nbsp,text,1
тип_на_покровителство,text,2
тип_на_спознор,text,1
тип_на_спонзорство,text,1
тип_спонзорство,text,2
транспарентновозило_код,integer,2
транспортни_возила_код,integer,1
транспортни_возила_код_nbsp,integer,1
транспортно_nbsp_возило_код,integer,2
транспортно_возило_код,integer,16
транспортно_возило_код_1,integer,2
транспортновозило_код,integer,4
транспортновозило_код_1,integer,1
тренер,text,1
тренери,text,3
третман,text,1
трка_ид,integer,3
трка_идентификациски_број,integer,4
труд_наслов,text,6
трудови,text,1
трчана_рута,text,1
улога,text,14
уметничко_име,text,1
универзитет_id,integer,2
универзитет_име,text,1
универзитет_код,integer,1
универзитет_универзитет_id,integer,1
универзитет_шифра,integer,2
универзитети,text,3
уникатното_име,text,1
учесник_id,integer,12
учесник_id_1,integer,2
учесник_id_учесник,integer,1
учесник_број,integer,3
учесник_број_1,integer,1
учесник_ид,integer,15
учесник_ид_1,integer,1
учесник_ид_број,integer,7
учесник_идентификациски_број,integer,25
учесник_идентификациски_број_1,integer,5
учесник_идентификувачки_број,integer,2
учесници,text,1
учесници_иб,text,3
учесници_иб_1,text,1
учесници_ид,integer,2
учесници_ид_број,integer,2
учеснички_поени,numeric,1
фестивал_име,text,32
фестивал_име_1,text,14
фестиивал_nbsp_име,text,1
фестиивал_nbsp_име_1,text,1
фис_трка_id,integer,5
фис_трка_id_1,integer,3
фис_трка_датум_на_раѓање,date,1
фис_трка_датум_на_раѓање_1,date,1
фис_трка_датум_на_раѓање_2,date,1
фис_трка_име,text,2
фис_трка_име_1,text,2
фис_трка_име_2,text,2
фис_трка_име_3,text,2
фис_трка_име_и_презиме,text,1
фис_трка_име_и_презиме_1,text,1
фис_трка_име_и_презиме_2,text,1
фис_трка_националност,text,2
фис_трка_националност_1,text,2
фис_трка_националност_2,text,2
фис_трка_националност_3,text,2
фис_трка_реден_број,integer,2
фис_трка_реден_број_1,integer,2
фис_трка_реден_број_2,integer,1
фонд,numeric,3
фонд_1,numeric,1
формат,text,6
формат_на_nbsp_цитирање,text,1
формат_на_цитирање,text,4
формат_на_цитирање_на_трудови,text,1
формат_на_цртање,text,1
формат_нацитирање,text,1
формат_цитирање,text,5
форматна_цитирање,text,1
форматот_цитирање,text,1
целосно_име,text,7
целосноиме,text,2
цена,numeric,10
чизми,integer,1
член_id,integer,5
член_еиб,text,1
член_ембг,text,6
член_ид,integer,4
член_ид_број,integer,2
член_идброј,integer,2
член_идентификациски_број,integer,4
член_на_тим_id,integer,2
член_на_тим_ид,integer,2
членови_nbsp_ид,integer,2
шифра,integer,215
шифра_1,integer,3
шифра_nbsp,integer,3
шифра_и,integer,1
шифра_издание,integer,1
шифра_спонзор,integer,1
шифра_тим,integer,3
шифрар,integer,1
шифрас,integer,1
шифрата,integer,2
шифрата_nbsp,integer,2
